,State,Year,Deaths,Population,Unit
0,Alabama,1999,169,4430143,"per 100,000 population"
1,Alabama,2000,197,4447100,"per 100,000 population"
2,Alabama,2001,216,4467634,"per 100,000 population"
3,Alabama,2002,211,4480089,"per 100,000 population"
4,Alabama,2003,197,4503491,"per 100,000 population"
5,Alabama,2004,283,4530729,"per 100,000 population"
6,Alabama,2005,283,4569805,"per 100,000 population"
7,Alabama,2006,398,4628981,"per 100,000 population"
8,Alabama,2007,511,4672840,"per 100,000 population"
9,Alabama,2008,607,4718206,"per 100,000 population"
10,Alabama,2009,630,4757938,"per 100,000 population"
11,Alabama,2010,547,4779736,"per 100,000 population"
12,Alabama,2011,552,4802740,"per 100,000 population"
13,Alabama,2012,562,4822023,"per 100,000 population"
14,Alabama,2013,598,4833722,"per 100,000 population"
15,Alabama,2014,723,4849377,"per 100,000 population"
16,Alabama,2015,736,4858979,"per 100,000 population"
17,Alabama,2016,756,4863300,"per 100,000 population"
18,Alaska,1999,46,624781,"per 100,000 population"
19,Alaska,2000,48,626932,"per 100,000 population"
20,Alaska,2001,62,633714,"per 100,000 population"
21,Alaska,2002,84,642337,"per 100,000 population"
22,Alaska,2003,83,648414,"per 100,000 population"
23,Alaska,2004,86,659286,"per 100,000 population"
24,Alaska,2005,79,666946,"per 100,000 population"
25,Alaska,2006,76,675302,"per 100,000 population"
26,Alaska,2007,72,680300,"per 100,000 population"
27,Alaska,2008,127,687455,"per 100,000 population"
28,Alaska,2009,131,698895,"per 100,000 population"
29,Alaska,2010,83,710231,"per 100,000 population"
30,Alaska,2011,107,722718,"per 100,000 population"
31,Alaska,2012,129,731449,"per 100,000 population"
32,Alaska,2013,105,735132,"per 100,000 population"
33,Alaska,2014,124,736732,"per 100,000 population"
34,Alaska,2015,122,738432,"per 100,000 population"
35,Alaska,2016,128,741894,"per 100,000 population"
36,Arizona,1999,511,5023824,"per 100,000 population"
37,Arizona,2000,522,5130632,"per 100,000 population"
38,Arizona,2001,552,5273477,"per 100,000 population"
39,Arizona,2002,624,5396255,"per 100,000 population"
40,Arizona,2003,674,5510364,"per 100,000 population"
41,Arizona,2004,744,5652404,"per 100,000 population"
42,Arizona,2005,794,5839077,"per 100,000 population"
43,Arizona,2006,876,6029141,"per 100,000 population"
44,Arizona,2007,943,6167681,"per 100,000 population"
45,Arizona,2008,828,6280362,"per 100,000 population"
46,Arizona,2009,1002,6343154,"per 100,000 population"
47,Arizona,2010,1098,6392017,"per 100,000 population"
48,Arizona,2011,1071,6482505,"per 100,000 population"
49,Arizona,2012,1134,6553255,"per 100,000 population"
50,Arizona,2013,1222,6626624,"per 100,000 population"
51,Arizona,2014,1211,6731484,"per 100,000 population"
52,Arizona,2015,1274,6828065,"per 100,000 population"
53,Arizona,2016,1382,6931071,"per 100,000 population"
54,Arkansas,1999,113,2651860,"per 100,000 population"
55,Arkansas,2000,140,2673400,"per 100,000 population"
56,Arkansas,2001,126,2691571,"per 100,000 population"
57,Arkansas,2002,176,2705927,"per 100,000 population"
58,Arkansas,2003,184,2724816,"per 100,000 population"
59,Arkansas,2004,230,2749686,"per 100,000 population"
60,Arkansas,2005,269,2781097,"per 100,000 population"
61,Arkansas,2006,285,2821761,"per 100,000 population"
62,Arkansas,2007,301,2848650,"per 100,000 population"
63,Arkansas,2008,360,2874554,"per 100,000 population"
64,Arkansas,2009,351,2896843,"per 100,000 population"
65,Arkansas,2010,350,2915918,"per 100,000 population"
67,Arkansas,2011,355,2937979,"per 100,000 population"
68,Arkansas,2012,373,2949131,"per 100,000 population"
69,Arkansas,2013,319,2959373,"per 100,000 population"
70,Arkansas,2014,356,2966369,"per 100,000 population"
71,Arkansas,2015,392,2978204,"per 100,000 population"
72,Arkansas,2016,401,2988248,"per 100,000 population"
73,California,1999,2662,33499204,"per 100,000 population"
74,California,2000,1941,33871648,"per 100,000 population"
75,California,2001,1226,34479458,"per 100,000 population"
76,California,2002,2975,34871843,"per 100,000 population"
77,California,2003,3108,35253159,"per 100,000 population"
78,California,2004,3125,35574576,"per 100,000 population"
79,California,2005,3214,35827943,"per 100,000 population"
80,California,2006,3494,36021202,"per 100,000 population"
81,California,2007,3854,36250311,"per 100,000 population"
82,California,2008,3863,36604337,"per 100,000 population"
83,California,2009,4056,36961229,"per 100,000 population"
85,California,2010,4057,37253956,"per 100,000 population"
86,California,2011,4180,37691912,"per 100,000 population"
87,California,2012,4040,38041430,"per 100,000 population"
88,California,2013,4452,38332521,"per 100,000 population"
89,California,2014,4521,38802500,"per 100,000 population"
90,California,2015,4659,39144818,"per 100,000 population"
91,California,2016,4654,39250017,"per 100,000 population"
92,Colorado,1999,349,4226018,"per 100,000 population"
93,Colorado,2000,352,4301261,"per 100,000 population"
94,Colorado,2001,411,4425687,"per 100,000 population"
95,Colorado,2002,448,4490406,"per 100,000 population"
96,Colorado,2003,502,4528732,"per 100,000 population"
97,Colorado,2004,518,4575013,"per 100,000 population"
98,Colorado,2005,608,4631888,"per 100,000 population"
99,Colorado,2006,627,4720423,"per 100,000 population"
100,Colorado,2007,734,4803868,"per 100,000 population"
101,Colorado,2008,749,4889730,"per 100,000 population"
102,Colorado,2009,769,4972195,"per 100,000 population"
103,Colorado,2010,654,5029196,"per 100,000 population"
104,Colorado,2011,843,5116796,"per 100,000 population"
105,Colorado,2012,807,5187582,"per 100,000 population"
106,Colorado,2013,846,5268367,"per 100,000 population"
107,Colorado,2014,899,5355866,"per 100,000 population"
108,Colorado,2015,869,5456574,"per 100,000 population"
109,Colorado,2016,942,5540545,"per 100,000 population"
110,Connecticut,1999,310,3386401,"per 100,000 population"
111,Connecticut,2000,320,3405565,"per 100,000 population"
113,Connecticut,2001,307,3432835,"per 100,000 population"
114,Connecticut,2002,354,3458749,"per 100,000 population"
115,Connecticut,2003,307,3484336,"per 100,000 population"
116,Connecticut,2004,333,3496094,"per 100,000 population"
117,Connecticut,2005,295,3506956,"per 100,000 population"
118,Connecticut,2006,407,3517460,"per 100,000 population"
119,Connecticut,2007,433,3527270,"per 100,000 population"
120,Connecticut,2008,386,3545579,"per 100,000 population"
121,Connecticut,2009,393,3561807,"per 100,000 population"
122,Connecticut,2010,363,3574097,"per 100,000 population"
123,Connecticut,2011,402,3580709,"per 100,000 population"
124,Connecticut,2012,439,3590347,"per 100,000 population"
125,Connecticut,2013,582,3596080,"per 100,000 population"
126,Connecticut,2014,623,3596677,"per 100,000 population"
127,Connecticut,2015,800,3590886,"per 100,000 population"
128,Connecticut,2016,971,3576452,"per 100,000 population"
129,Delaware,1999,50,774990,"per 100,000 population"
130,Delaware,2000,55,783600,"per 100,000 population"
131,Delaware,2001,64,795699,"per 100,000 population"
132,Delaware,2002,84,806169,"per 100,000 population"
133,Delaware,2003,77,818003,"per 100,000 population"
134,Delaware,2004,63,830803,"per 100,000 population"
135,Delaware,2005,62,845150,"per 100,000 population"
136,Delaware,2006,78,859268,"per 100,000 population"
137,Delaware,2007,97,871749,"per 100,000 population"
138,Delaware,2008,124,883874,"per 100,000 population"
139,Delaware,2009,136,891730,"per 100,000 population"
141,Delaware,2010,145,897934,"per 100,000 population"
142,Delaware,2011,160,907135,"per 100,000 population"
143,Delaware,2012,141,917092,"per 100,000 population"
144,Delaware,2013,166,925749,"per 100,000 population"
145,Delaware,2014,189,935614,"per 100,000 population"
146,Delaware,2015,198,945934,"per 100,000 population"
147,Delaware,2016,282,952065,"per 100,000 population"
148,District of Columbia,1999,48,570220,"per 100,000 population"
149,District of Columbia,2000,76,572059,"per 100,000 population"
150,District of Columbia,2001,93,574504,"per 100,000 population"
151,District of Columbia,2002,61,573158,"per 100,000 population"
152,District of Columbia,2003,103,568502,"per 100,000 population"
153,District of Columbia,2004,87,567754,"per 100,000 population"
154,District of Columbia,2005,77,567136,"per 100,000 population"
155,District of Columbia,2006,101,570681,"per 100,000 population"
156,District of Columbia,2007,61,574404,"per 100,000 population"
157,District of Columbia,2008,56,580236,"per 100,000 population"
158,District of Columbia,2009,26,592228,"per 100,000 population"
159,District of Columbia,2010,78,601723,"per 100,000 population"
160,District of Columbia,2011,86,617996,"per 100,000 population"
161,District of Columbia,2012,77,632323,"per 100,000 population"
162,District of Columbia,2013,102,646449,"per 100,000 population"
163,District of Columbia,2014,96,658893,"per 100,000 population"
164,District of Columbia,2015,125,672228,"per 100,000 population"
165,District of Columbia,2016,269,681170,"per 100,000 population"
166,Florida,1999,997,15759421,"per 100,000 population"
167,Florida,2000,1159,15982378,"per 100,000 population"
168,Florida,2001,1746,16356966,"per 100,000 population"
169,Florida,2002,1927,16689370,"per 100,000 population"
170,Florida,2003,2054,17004085,"per 100,000 population"
171,Florida,2004,2264,17415318,"per 100,000 population"
172,Florida,2005,2371,17842038,"per 100,000 population"
173,Florida,2006,2591,18166990,"per 100,000 population"
174,Florida,2007,2794,18367842,"per 100,000 population"
175,Florida,2008,2963,18527305,"per 100,000 population"
176,Florida,2009,3092,18652644,"per 100,000 population"
177,Florida,2010,3061,18801310,"per 100,000 population"
178,Florida,2011,2918,19057542,"per 100,000 population"
179,Florida,2012,2597,19317568,"per 100,000 population"
180,Florida,2013,2474,19552860,"per 100,000 population"
181,Florida,2014,2634,19893297,"per 100,000 population"
182,Florida,2015,3228,20271272,"per 100,000 population"
183,Florida,2016,4728,20612439,"per 100,000 population"
184,Georgia,1999,283,8045966,"per 100,000 population"
185,Georgia,2000,364,8186453,"per 100,000 population"
186,Georgia,2001,511,8377038,"per 100,000 population"
187,Georgia,2002,563,8508256,"per 100,000 population"
188,Georgia,2003,607,8622793,"per 100,000 population"
189,Georgia,2004,666,8769252,"per 100,000 population"
190,Georgia,2005,738,8925922,"per 100,000 population"
191,Georgia,2006,830,9155813,"per 100,000 population"
192,Georgia,2007,923,9349988,"per 100,000 population"
193,Georgia,2008,935,9504843,"per 100,000 population"
194,Georgia,2009,1007,9620846,"per 100,000 population"
195,Georgia,2010,1054,9687653,"per 100,000 population"
196,Georgia,2011,1058,9815210,"per 100,000 population"
197,Georgia,2012,1056,9919945,"per 100,000 population"
198,Georgia,2013,1098,9992167,"per 100,000 population"
199,Georgia,2014,1206,10097343,"per 100,000 population"
200,Georgia,2015,1302,10214860,"per 100,000 population"
201,Georgia,2016,1394,10310371,"per 100,000 population"
202,Hawaii,1999,80,1210300,"per 100,000 population"
203,Hawaii,2000,63,1211537,"per 100,000 population"
204,Hawaii,2001,77,1225948,"per 100,000 population"
205,Hawaii,2002,77,1239613,"per 100,000 population"
206,Hawaii,2003,92,1251154,"per 100,000 population"
207,Hawaii,2004,103,1273569,"per 100,000 population"
208,Hawaii,2005,126,1292729,"per 100,000 population"
209,Hawaii,2006,86,1309731,"per 100,000 population"
210,Hawaii,2007,136,1315675,"per 100,000 population"
211,Hawaii,2008,123,1332213,"per 100,000 population"
212,Hawaii,2009,136,1346717,"per 100,000 population"
213,Hawaii,2010,151,1360301,"per 100,000 population"
214,Hawaii,2011,180,1374810,"per 100,000 population"
215,Hawaii,2012,155,1392313,"per 100,000 population"
216,Hawaii,2013,158,1404054,"per 100,000 population"
217,Hawaii,2014,157,1419561,"per 100,000 population"
218,Hawaii,2015,169,1431603,"per 100,000 population"
219,Hawaii,2016,191,1428557,"per 100,000 population"
220,Idaho,1999,64,1275675,"per 100,000 population"
221,Idaho,2000,64,1293953,"per 100,000 population"
222,Idaho,2001,98,1319962,"per 100,000 population"
223,Idaho,2002,117,1340372,"per 100,000 population"
224,Idaho,2003,102,1363380,"per 100,000 population"
225,Idaho,2004,98,1391802,"per 100,000 population"
226,Idaho,2005,109,1428241,"per 100,000 population"
227,Idaho,2006,130,1468669,"per 100,000 population"
228,Idaho,2007,126,1505105,"per 100,000 population"
229,Idaho,2008,146,1534320,"per 100,000 population"
230,Idaho,2009,171,1554439,"per 100,000 population"
231,Idaho,2010,178,1567582,"per 100,000 population"
232,Idaho,2011,193,1584985,"per 100,000 population"
233,Idaho,2012,181,1595728,"per 100,000 population"
234,Idaho,2013,207,1612136,"per 100,000 population"
235,Idaho,2014,212,1634464,"per 100,000 population"
236,Idaho,2015,218,1654930,"per 100,000 population"
237,Idaho,2016,243,1683140,"per 100,000 population"
238,Illinois,1999,825,12359023,"per 100,000 population"
239,Illinois,2000,868,12419293,"per 100,000 population"
240,Illinois,2001,892,12488445,"per 100,000 population"
241,Illinois,2002,986,12525556,"per 100,000 population"
242,Illinois,2003,847,12556006,"per 100,000 population"
243,Illinois,2004,1035,12589773,"per 100,000 population"
244,Illinois,2005,1067,12609903,"per 100,000 population"
245,Illinois,2006,1369,12643955,"per 100,000 population"
246,Illinois,2007,1192,12695866,"per 100,000 population"
247,Illinois,2008,1353,12747038,"per 100,000 population"
248,Illinois,2009,1381,12796778,"per 100,000 population"
249,Illinois,2010,1288,12830632,"per 100,000 population"
250,Illinois,2011,1408,12869257,"per 100,000 population"
251,Illinois,2012,1628,12875255,"per 100,000 population"
252,Illinois,2013,1579,12882135,"per 100,000 population"
253,Illinois,2014,1705,12880580,"per 100,000 population"
254,Illinois,2015,1835,12859995,"per 100,000 population"
255,Illinois,2016,2411,12801539,"per 100,000 population"
256,Indiana,1999,191,6044972,"per 100,000 population"
257,Indiana,2000,214,6080485,"per 100,000 population"
258,Indiana,2001,283,6127760,"per 100,000 population"
259,Indiana,2002,293,6155967,"per 100,000 population"
260,Indiana,2003,434,6196638,"per 100,000 population"
261,Indiana,2004,542,6233007,"per 100,000 population"
262,Indiana,2005,610,6278616,"per 100,000 population"
263,Indiana,2006,736,6332669,"per 100,000 population"
264,Indiana,2007,781,6379599,"per 100,000 population"
265,Indiana,2008,830,6424806,"per 100,000 population"
266,Indiana,2009,896,6459325,"per 100,000 population"
267,Indiana,2010,927,6483802,"per 100,000 population"
268,Indiana,2011,975,6516922,"per 100,000 population"
269,Indiana,2012,1011,6537334,"per 100,000 population"
270,Indiana,2013,1064,6570902,"per 100,000 population"
271,Indiana,2014,1172,6596855,"per 100,000 population"
272,Indiana,2015,1245,6619680,"per 100,000 population"
273,Indiana,2016,1526,6633053,"per 100,000 population"
274,Iowa,1999,53,2917637,"per 100,000 population"
275,Iowa,2000,73,2926324,"per 100,000 population"
276,Iowa,2001,87,2931997,"per 100,000 population"
277,Iowa,2002,91,2934234,"per 100,000 population"
278,Iowa,2003,96,2941999,"per 100,000 population"
279,Iowa,2004,122,2953635,"per 100,000 population"
280,Iowa,2005,141,2964454,"per 100,000 population"
281,Iowa,2006,187,2982644,"per 100,000 population"
282,Iowa,2007,203,2999212,"per 100,000 population"
283,Iowa,2008,209,3016734,"per 100,000 population"
284,Iowa,2009,207,3032870,"per 100,000 population"
285,Iowa,2010,253,3046355,"per 100,000 population"
286,Iowa,2011,250,3062309,"per 100,000 population"
287,Iowa,2012,259,3074186,"per 100,000 population"
288,Iowa,2013,275,3090416,"per 100,000 population"
289,Iowa,2014,264,3107126,"per 100,000 population"
290,Iowa,2015,309,3123899,"per 100,000 population"
291,Iowa,2016,314,3134693,"per 100,000 population"
292,Kansas,1999,89,2678340,"per 100,000 population"
293,Kansas,2000,103,2688418,"per 100,000 population"
294,Kansas,2001,138,2702162,"per 100,000 population"
295,Kansas,2002,170,2713535,"per 100,000 population"
296,Kansas,2003,188,2723004,"per 100,000 population"
297,Kansas,2004,224,2734373,"per 100,000 population"
298,Kansas,2005,241,2745299,"per 100,000 population"
299,Kansas,2006,257,2762931,"per 100,000 population"
300,Kansas,2007,270,2783785,"per 100,000 population"
301,Kansas,2008,219,2808076,"per 100,000 population"
302,Kansas,2009,304,2832704,"per 100,000 population"
303,Kansas,2010,269,2853118,"per 100,000 population"
304,Kansas,2011,280,2871238,"per 100,000 population"
305,Kansas,2012,318,2885905,"per 100,000 population"
306,Kansas,2013,331,2893957,"per 100,000 population"
307,Kansas,2014,332,2904021,"per 100,000 population"
308,Kansas,2015,329,2911641,"per 100,000 population"
309,Kansas,2016,313,2907289,"per 100,000 population"
310,Kentucky,1999,197,4018053,"per 100,000 population"
311,Kentucky,2000,241,4041769,"per 100,000 population"
312,Kentucky,2001,345,4068132,"per 100,000 population"
313,Kentucky,2002,426,4089875,"per 100,000 population"
314,Kentucky,2003,560,4117170,"per 100,000 population"
315,Kentucky,2004,526,4146101,"per 100,000 population"
316,Kentucky,2005,638,4182742,"per 100,000 population"
317,Kentucky,2006,728,4219239,"per 100,000 population"
318,Kentucky,2007,708,4256672,"per 100,000 population"
319,Kentucky,2008,764,4289878,"per 100,000 population"
320,Kentucky,2009,769,4317074,"per 100,000 population"
321,Kentucky,2010,1007,4339367,"per 100,000 population"
322,Kentucky,2011,1058,4369356,"per 100,000 population"
323,Kentucky,2012,1078,4380415,"per 100,000 population"
324,Kentucky,2013,1019,4395295,"per 100,000 population"
325,Kentucky,2014,1077,4413457,"per 100,000 population"
326,Kentucky,2015,1273,4425092,"per 100,000 population"
327,Kentucky,2016,1419,4436974,"per 100,000 population"
328,Louisiana,1999,188,4460814,"per 100,000 population"
329,Louisiana,2000,248,4468976,"per 100,000 population"
330,Louisiana,2001,265,4477875,"per 100,000 population"
331,Louisiana,2002,365,4497267,"per 100,000 population"
332,Louisiana,2003,536,4521042,"per 100,000 population"
333,Louisiana,2004,539,4552238,"per 100,000 population"
334,Louisiana,2005,661,4576628,"per 100,000 population"
335,Louisiana,2006,705,4302665,"per 100,000 population"
336,Louisiana,2007,808,4375581,"per 100,000 population"
337,Louisiana,2008,647,4435586,"per 100,000 population"
338,Louisiana,2009,584,4491648,"per 100,000 population"
339,Louisiana,2010,591,4533372,"per 100,000 population"
340,Louisiana,2011,601,4574836,"per 100,000 population"
341,Louisiana,2012,566,4601893,"per 100,000 population"
342,Louisiana,2013,809,4625470,"per 100,000 population"
343,Louisiana,2014,777,4649676,"per 100,000 population"
344,Louisiana,2015,861,4670724,"per 100,000 population"
345,Louisiana,2016,996,4681666,"per 100,000 population"
346,Maine,1999,67,1266808,"per 100,000 population"
347,Maine,2000,61,1274923,"per 100,000 population"
348,Maine,2001,85,1285692,"per 100,000 population"
349,Maine,2002,139,1295960,"per 100,000 population"
350,Maine,2003,133,1306513,"per 100,000 population"
351,Maine,2004,140,1313688,"per 100,000 population"
352,Maine,2005,163,1318787,"per 100,000 population"
353,Maine,2006,159,1323619,"per 100,000 population"
354,Maine,2007,159,1327040,"per 100,000 population"
355,Maine,2008,162,1330509,"per 100,000 population"
356,Maine,2009,173,1329590,"per 100,000 population"
357,Maine,2010,135,1328361,"per 100,000 population"
358,Maine,2011,156,1328188,"per 100,000 population"
359,Maine,2012,150,1329192,"per 100,000 population"
360,Maine,2013,174,1328302,"per 100,000 population"
361,Maine,2014,216,1330089,"per 100,000 population"
362,Maine,2015,269,1329328,"per 100,000 population"
363,Maine,2016,353,1331479,"per 100,000 population"
365,Maryland,1999,629,5254511,"per 100,000 population"
366,Maryland,2000,623,5296486,"per 100,000 population"
367,Maryland,2001,639,5374691,"per 100,000 population"
368,Maryland,2002,723,5440389,"per 100,000 population"
369,Maryland,2003,779,5496269,"per 100,000 population"
370,Maryland,2004,676,5546935,"per 100,000 population"
371,Maryland,2005,656,5592379,"per 100,000 population"
372,Maryland,2006,762,5627367,"per 100,000 population"
373,Maryland,2007,769,5653408,"per 100,000 population"
374,Maryland,2008,693,5684965,"per 100,000 population"
375,Maryland,2009,743,5730388,"per 100,000 population"
376,Maryland,2010,650,5773552,"per 100,000 population"
377,Maryland,2011,707,5828289,"per 100,000 population"
378,Maryland,2012,831,5884563,"per 100,000 population"
379,Maryland,2013,892,5928814,"per 100,000 population"
380,Maryland,2014,1070,5976407,"per 100,000 population"
381,Maryland,2015,1285,6006401,"per 100,000 population"
382,Maryland,2016,2044,6016447,"per 100,000 population"
383,Massachusetts,1999,488,6317345,"per 100,000 population"
384,Massachusetts,2000,463,6349097,"per 100,000 population"
385,Massachusetts,2001,689,6397634,"per 100,000 population"
386,Massachusetts,2002,705,6417206,"per 100,000 population"
387,Massachusetts,2003,823,6422565,"per 100,000 population"
388,Massachusetts,2004,669,6412281,"per 100,000 population"
389,Massachusetts,2005,780,6403290,"per 100,000 population"
390,Massachusetts,2006,970,6410084,"per 100,000 population"
391,Massachusetts,2007,922,6431559,"per 100,000 population"
393,Massachusetts,2008,786,6468967,"per 100,000 population"
394,Massachusetts,2009,816,6517613,"per 100,000 population"
395,Massachusetts,2010,738,6547629,"per 100,000 population"
396,Massachusetts,2011,857,6587536,"per 100,000 population"
397,Massachusetts,2012,859,6646144,"per 100,000 population"
398,Massachusetts,2013,1081,6692824,"per 100,000 population"
399,Massachusetts,2014,1289,6745408,"per 100,000 population"
400,Massachusetts,2015,1724,6794422,"per 100,000 population"
401,Massachusetts,2016,2227,6811779,"per 100,000 population"
402,Michigan,1999,460,9897117,"per 100,000 population"
403,Michigan,2000,561,9938444,"per 100,000 population"
404,Michigan,2001,621,9991120,"per 100,000 population"
405,Michigan,2002,751,10015710,"per 100,000 population"
406,Michigan,2003,761,10041152,"per 100,000 population"
407,Michigan,2004,867,10055315,"per 100,000 population"
408,Michigan,2005,985,10051137,"per 100,000 population"
409,Michigan,2006,1176,10036081,"per 100,000 population"
410,Michigan,2007,1236,10001284,"per 100,000 population"
411,Michigan,2008,1239,9946889,"per 100,000 population"
412,Michigan,2009,1429,9901591,"per 100,000 population"
413,Michigan,2010,1394,9883640,"per 100,000 population"
414,Michigan,2011,1386,9876187,"per 100,000 population"
415,Michigan,2012,1308,9883360,"per 100,000 population"
416,Michigan,2013,1553,9895622,"per 100,000 population"
417,Michigan,2014,1762,9909877,"per 100,000 population"
418,Michigan,2015,1980,9922576,"per 100,000 population"
419,Michigan,2016,2347,9928300,"per 100,000 population"
421,Minnesota,1999,136,4873481,"per 100,000 population"
422,Minnesota,2000,130,4919479,"per 100,000 population"
423,Minnesota,2001,185,4982796,"per 100,000 population"
424,Minnesota,2002,201,5018935,"per 100,000 population"
425,Minnesota,2003,246,5053572,"per 100,000 population"
426,Minnesota,2004,250,5087713,"per 100,000 population"
427,Minnesota,2005,282,5119598,"per 100,000 population"
428,Minnesota,2006,311,5163555,"per 100,000 population"
429,Minnesota,2007,341,5207203,"per 100,000 population"
430,Minnesota,2008,384,5247018,"per 100,000 population"
431,Minnesota,2009,419,5281203,"per 100,000 population"
432,Minnesota,2010,397,5303925,"per 100,000 population"
433,Minnesota,2011,511,5344861,"per 100,000 population"
434,Minnesota,2012,482,5379139,"per 100,000 population"
435,Minnesota,2013,523,5420380,"per 100,000 population"
436,Minnesota,2014,517,5457173,"per 100,000 population"
437,Minnesota,2015,581,5489594,"per 100,000 population"
438,Minnesota,2016,672,5519952,"per 100,000 population"
439,Mississippi,1999,87,2828412,"per 100,000 population"
440,Mississippi,2000,114,2844658,"per 100,000 population"
441,Mississippi,2001,169,2852994,"per 100,000 population"
442,Mississippi,2002,183,2858681,"per 100,000 population"
443,Mississippi,2003,207,2868312,"per 100,000 population"
444,Mississippi,2004,224,2889010,"per 100,000 population"
445,Mississippi,2005,248,2905943,"per 100,000 population"
446,Mississippi,2006,339,2904978,"per 100,000 population"
447,Mississippi,2007,314,2928350,"per 100,000 population"
449,Mississippi,2008,303,2947806,"per 100,000 population"
450,Mississippi,2009,323,2958774,"per 100,000 population"
451,Mississippi,2010,334,2967297,"per 100,000 population"
452,Mississippi,2011,302,2978512,"per 100,000 population"
453,Mississippi,2012,310,2984926,"per 100,000 population"
454,Mississippi,2013,316,2991207,"per 100,000 population"
455,Mississippi,2014,336,2994079,"per 100,000 population"
456,Mississippi,2015,351,2992333,"per 100,000 population"
457,Mississippi,2016,352,2988726,"per 100,000 population"
458,Missouri,1999,276,5561950,"per 100,000 population"
459,Missouri,2000,303,5595211,"per 100,000 population"
460,Missouri,2001,351,5641142,"per 100,000 population"
461,Missouri,2002,416,5674825,"per 100,000 population"
462,Missouri,2003,522,5709403,"per 100,000 population"
463,Missouri,2004,548,5747741,"per 100,000 population"
464,Missouri,2005,608,5790300,"per 100,000 population"
465,Missouri,2006,743,5842704,"per 100,000 population"
466,Missouri,2007,714,5887612,"per 100,000 population"
467,Missouri,2008,765,5923916,"per 100,000 population"
468,Missouri,2009,863,5961088,"per 100,000 population"
469,Missouri,2010,998,5988927,"per 100,000 population"
470,Missouri,2011,963,6010688,"per 100,000 population"
471,Missouri,2012,942,6021988,"per 100,000 population"
472,Missouri,2013,1025,6044171,"per 100,000 population"
473,Missouri,2014,1067,6063589,"per 100,000 population"
474,Missouri,2015,1066,6083672,"per 100,000 population"
475,Missouri,2016,1371,6093000,"per 100,000 population"
476,Montana,1999,41,897511,"per 100,000 population"
477,Montana,2000,41,902195,"per 100,000 population"
478,Montana,2001,56,906961,"per 100,000 population"
479,Montana,2002,78,911667,"per 100,000 population"
480,Montana,2003,93,919630,"per 100,000 population"
481,Montana,2004,98,930009,"per 100,000 population"
482,Montana,2005,96,940102,"per 100,000 population"
483,Montana,2006,97,952692,"per 100,000 population"
484,Montana,2007,125,964706,"per 100,000 population"
485,Montana,2008,134,976415,"per 100,000 population"
486,Montana,2009,142,983982,"per 100,000 population"
487,Montana,2010,118,989415,"per 100,000 population"
488,Montana,2011,141,998199,"per 100,000 population"
489,Montana,2012,118,1005141,"per 100,000 population"
490,Montana,2013,137,1015165,"per 100,000 population"
491,Montana,2014,125,1023579,"per 100,000 population"
492,Montana,2015,138,1032949,"per 100,000 population"
493,Montana,2016,119,1042520,"per 100,000 population"
494,Nebraska,1999,39,1704765,"per 100,000 population"
495,Nebraska,2000,46,1711263,"per 100,000 population"
496,Nebraska,2001,66,1719836,"per 100,000 population"
497,Nebraska,2002,66,1728292,"per 100,000 population"
498,Nebraska,2003,55,1738643,"per 100,000 population"
499,Nebraska,2004,59,1749370,"per 100,000 population"
500,Nebraska,2005,86,1761497,"per 100,000 population"
501,Nebraska,2006,91,1772693,"per 100,000 population"
502,Nebraska,2007,80,1783440,"per 100,000 population"
503,Nebraska,2008,94,1796378,"per 100,000 population"
504,Nebraska,2009,106,1812683,"per 100,000 population"
505,Nebraska,2010,117,1826341,"per 100,000 population"
506,Nebraska,2011,129,1842641,"per 100,000 population"
507,Nebraska,2012,146,1855525,"per 100,000 population"
508,Nebraska,2013,117,1868516,"per 100,000 population"
509,Nebraska,2014,125,1881503,"per 100,000 population"
510,Nebraska,2015,126,1896190,"per 100,000 population"
511,Nebraska,2016,120,1907116,"per 100,000 population"
512,Nevada,1999,227,1934719,"per 100,000 population"
513,Nevada,2000,273,1998257,"per 100,000 population"
514,Nevada,2001,261,2098399,"per 100,000 population"
515,Nevada,2002,323,2173791,"per 100,000 population"
516,Nevada,2003,342,2248850,"per 100,000 population"
517,Nevada,2004,380,2346222,"per 100,000 population"
518,Nevada,2005,457,2432143,"per 100,000 population"
519,Nevada,2006,461,2522658,"per 100,000 population"
520,Nevada,2007,499,2601072,"per 100,000 population"
521,Nevada,2008,519,2653630,"per 100,000 population"
522,Nevada,2009,550,2684665,"per 100,000 population"
523,Nevada,2010,578,2700551,"per 100,000 population"
524,Nevada,2011,639,2723322,"per 100,000 population"
525,Nevada,2012,602,2758931,"per 100,000 population"
526,Nevada,2013,614,2790136,"per 100,000 population"
527,Nevada,2014,545,2839099,"per 100,000 population"
528,Nevada,2015,619,2890845,"per 100,000 population"
529,Nevada,2016,665,2940058,"per 100,000 population"
531,New Hampshire,1999,54,1222015,"per 100,000 population"
532,New Hampshire,2000,45,1235786,"per 100,000 population"
533,New Hampshire,2001,79,1255517,"per 100,000 population"
534,New Hampshire,2002,111,1269089,"per 100,000 population"
535,New Hampshire,2003,127,1279840,"per 100,000 population"
536,New Hampshire,2004,124,1290121,"per 100,000 population"
537,New Hampshire,2005,142,1298492,"per 100,000 population"
538,New Hampshire,2006,149,1308389,"per 100,000 population"
539,New Hampshire,2007,186,1312540,"per 100,000 population"
540,New Hampshire,2008,126,1315906,"per 100,000 population"
541,New Hampshire,2009,168,1316102,"per 100,000 population"
542,New Hampshire,2010,160,1316470,"per 100,000 population"
543,New Hampshire,2011,210,1318194,"per 100,000 population"
544,New Hampshire,2012,173,1320718,"per 100,000 population"
545,New Hampshire,2013,203,1323459,"per 100,000 population"
546,New Hampshire,2014,334,1326813,"per 100,000 population"
547,New Hampshire,2015,422,1330608,"per 100,000 population"
548,New Hampshire,2016,481,1334795,"per 100,000 population"
549,New Jersey,1999,557,8359593,"per 100,000 population"
550,New Jersey,2000,643,8414350,"per 100,000 population"
551,New Jersey,2001,705,8492671,"per 100,000 population"
552,New Jersey,2002,813,8552643,"per 100,000 population"
553,New Jersey,2003,721,8601402,"per 100,000 population"
554,New Jersey,2004,590,8634561,"per 100,000 population"
555,New Jersey,2005,823,8651974,"per 100,000 population"
556,New Jersey,2006,847,8661679,"per 100,000 population"
557,New Jersey,2007,727,8677885,"per 100,000 population"
558,New Jersey,2008,702,8711090,"per 100,000 population"
559,New Jersey,2009,263,8755602,"per 100,000 population"
560,New Jersey,2010,868,8791894,"per 100,000 population"
561,New Jersey,2011,1012,8821155,"per 100,000 population"
562,New Jersey,2012,1222,8864590,"per 100,000 population"
563,New Jersey,2013,1294,8899339,"per 100,000 population"
564,New Jersey,2014,1253,8938175,"per 100,000 population"
565,New Jersey,2015,1454,8958013,"per 100,000 population"
566,New Jersey,2016,2056,8944469,"per 100,000 population"
567,New Mexico,1999,266,1808082,"per 100,000 population"
568,New Mexico,2000,271,1819046,"per 100,000 population"
569,New Mexico,2001,258,1831690,"per 100,000 population"
570,New Mexico,2002,287,1855309,"per 100,000 population"
571,New Mexico,2003,358,1877574,"per 100,000 population"
572,New Mexico,2004,314,1903808,"per 100,000 population"
573,New Mexico,2005,373,1932274,"per 100,000 population"
574,New Mexico,2006,418,1962137,"per 100,000 population"
575,New Mexico,2007,462,1990070,"per 100,000 population"
576,New Mexico,2008,518,2010662,"per 100,000 population"
577,New Mexico,2009,438,2036802,"per 100,000 population"
578,New Mexico,2010,478,2059179,"per 100,000 population"
579,New Mexico,2011,529,2082224,"per 100,000 population"
580,New Mexico,2012,492,2085538,"per 100,000 population"
581,New Mexico,2013,458,2085287,"per 100,000 population"
582,New Mexico,2014,547,2085572,"per 100,000 population"
583,New Mexico,2015,501,2085109,"per 100,000 population"
584,New Mexico,2016,500,2081015,"per 100,000 population"
585,New York,1999,959,18882726,"per 100,000 population"
586,New York,2000,767,18976457,"per 100,000 population"
587,New York,2001,1079,19082838,"per 100,000 population"
589,New York,2002,923,19137800,"per 100,000 population"
590,New York,2003,964,19175939,"per 100,000 population"
591,New York,2004,831,19171567,"per 100,000 population"
592,New York,2005,944,19132610,"per 100,000 population"
593,New York,2006,1680,19104631,"per 100,000 population"
594,New York,2007,1708,19132335,"per 100,000 population"
595,New York,2008,1691,19212436,"per 100,000 population"
596,New York,2009,1592,19307066,"per 100,000 population"
597,New York,2010,1557,19378102,"per 100,000 population"
598,New York,2011,1948,19465197,"per 100,000 population"
599,New York,2012,2106,19570261,"per 100,000 population"
600,New York,2013,2309,19651127,"per 100,000 population"
601,New York,2014,2300,19746227,"per 100,000 population"
602,New York,2015,2754,19795791,"per 100,000 population"
603,New York,2016,3638,19745289,"per 100,000 population"
604,North Carolina,1999,366,7949362,"per 100,000 population"
605,North Carolina,2000,491,8049313,"per 100,000 population"
606,North Carolina,2001,551,8210122,"per 100,000 population"
607,North Carolina,2002,647,8326201,"per 100,000 population"
608,North Carolina,2003,762,8422501,"per 100,000 population"
609,North Carolina,2004,854,8553152,"per 100,000 population"
610,North Carolina,2005,1000,8705407,"per 100,000 population"
611,North Carolina,2006,1059,8917270,"per 100,000 population"
612,North Carolina,2007,1084,9118037,"per 100,000 population"
613,North Carolina,2008,1196,9309449,"per 100,000 population"
614,North Carolina,2009,1191,9449566,"per 100,000 population"
615,North Carolina,2010,1093,9535483,"per 100,000 population"
616,North Carolina,2011,1264,9656401,"per 100,000 population"
617,North Carolina,2012,1298,9752073,"per 100,000 population"
618,North Carolina,2013,1259,9848060,"per 100,000 population"
619,North Carolina,2014,1358,9943964,"per 100,000 population"
620,North Carolina,2015,1567,10042802,"per 100,000 population"
621,North Carolina,2016,1956,10146788,"per 100,000 population"
622,North Dakota,1999,12,644259,"per 100,000 population"
623,North Dakota,2000,14,642200,"per 100,000 population"
624,North Dakota,2001,14,639062,"per 100,000 population"
625,North Dakota,2002,17,638168,"per 100,000 population"
626,North Dakota,2003,22,638817,"per 100,000 population"
627,North Dakota,2004,17,644705,"per 100,000 population"
628,North Dakota,2005,12,646089,"per 100,000 population"
629,North Dakota,2006,14,649422,"per 100,000 population"
630,North Dakota,2007,32,652822,"per 100,000 population"
631,North Dakota,2008,46,657569,"per 100,000 population"
632,North Dakota,2009,27,664968,"per 100,000 population"
633,North Dakota,2010,23,672591,"per 100,000 population"
634,North Dakota,2011,16,683932,"per 100,000 population"
635,North Dakota,2012,21,699628,"per 100,000 population"
636,North Dakota,2013,20,723393,"per 100,000 population"
637,North Dakota,2014,43,739482,"per 100,000 population"
638,North Dakota,2015,61,756927,"per 100,000 population"
639,North Dakota,2016,77,757952,"per 100,000 population"
640,Ohio,1999,467,11335457,"per 100,000 population"
641,Ohio,2000,563,11353140,"per 100,000 population"
642,Ohio,2001,737,11387404,"per 100,000 population"
643,Ohio,2002,931,11407889,"per 100,000 population"
644,Ohio,2003,775,11434788,"per 100,000 population"
645,Ohio,2004,1136,11452251,"per 100,000 population"
646,Ohio,2005,1243,11463320,"per 100,000 population"
647,Ohio,2006,1515,11481213,"per 100,000 population"
648,Ohio,2007,1592,11500468,"per 100,000 population"
649,Ohio,2008,1733,11515391,"per 100,000 population"
650,Ohio,2009,1236,11528896,"per 100,000 population"
651,Ohio,2010,1835,11536504,"per 100,000 population"
652,Ohio,2011,2025,11544951,"per 100,000 population"
653,Ohio,2012,2125,11544225,"per 100,000 population"
654,Ohio,2013,2347,11570808,"per 100,000 population"
655,Ohio,2014,2744,11594163,"per 100,000 population"
656,Ohio,2015,3310,11613423,"per 100,000 population"
657,Ohio,2016,4329,11614373,"per 100,000 population"
658,Oklahoma,1999,178,3437148,"per 100,000 population"
659,Oklahoma,2000,237,3450654,"per 100,000 population"
660,Oklahoma,2001,269,3467100,"per 100,000 population"
661,Oklahoma,2002,240,3489080,"per 100,000 population"
662,Oklahoma,2003,400,3504892,"per 100,000 population"
664,Oklahoma,2004,476,3525233,"per 100,000 population"
665,Oklahoma,2005,478,3548597,"per 100,000 population"
666,Oklahoma,2006,563,3594090,"per 100,000 population"
667,Oklahoma,2007,666,3634349,"per 100,000 population"
668,Oklahoma,2008,564,3668976,"per 100,000 population"
669,Oklahoma,2009,756,3717572,"per 100,000 population"
670,Oklahoma,2010,717,3751351,"per 100,000 population"
671,Oklahoma,2011,703,3791508,"per 100,000 population"
672,Oklahoma,2012,771,3814820,"per 100,000 population"
673,Oklahoma,2013,790,3850568,"per 100,000 population"
674,Oklahoma,2014,777,3878051,"per 100,000 population"
675,Oklahoma,2015,725,3911338,"per 100,000 population"
676,Oklahoma,2016,813,3923561,"per 100,000 population"
677,Oregon,1999,210,3393941,"per 100,000 population"
678,Oregon,2000,208,3421399,"per 100,000 population"
679,Oregon,2001,241,3467937,"per 100,000 population"
680,Oregon,2002,318,3513424,"per 100,000 population"
681,Oregon,2003,355,3547376,"per 100,000 population"
682,Oregon,2004,365,3569463,"per 100,000 population"
683,Oregon,2005,386,3613202,"per 100,000 population"
684,Oregon,2006,485,3670883,"per 100,000 population"
685,Oregon,2007,502,3722417,"per 100,000 population"
686,Oregon,2008,452,3768748,"per 100,000 population"
687,Oregon,2009,501,3808600,"per 100,000 population"
688,Oregon,2010,503,3831074,"per 100,000 population"
689,Oregon,2011,532,3871859,"per 100,000 population"
690,Oregon,2012,490,3899353,"per 100,000 population"
691,Oregon,2013,455,3930065,"per 100,000 population"
692,Oregon,2014,522,3970239,"per 100,000 population"
693,Oregon,2015,505,4028977,"per 100,000 population"
694,Oregon,2016,506,4093465,"per 100,000 population"
695,Pennsylvania,1999,990,12263805,"per 100,000 population"
696,Pennsylvania,2000,1147,12281054,"per 100,000 population"
697,Pennsylvania,2001,958,12298970,"per 100,000 population"
698,Pennsylvania,2002,1097,12331031,"per 100,000 population"
699,Pennsylvania,2003,1381,12374658,"per 100,000 population"
700,Pennsylvania,2004,1544,12410722,"per 100,000 population"
701,Pennsylvania,2005,1613,12449990,"per 100,000 population"
702,Pennsylvania,2006,1638,12510809,"per 100,000 population"
703,Pennsylvania,2007,1733,12563937,"per 100,000 population"
704,Pennsylvania,2008,1850,12612285,"per 100,000 population"
705,Pennsylvania,2009,1909,12666858,"per 100,000 population"
706,Pennsylvania,2010,1916,12702379,"per 100,000 population"
707,Pennsylvania,2011,2289,12742886,"per 100,000 population"
708,Pennsylvania,2012,2365,12763536,"per 100,000 population"
709,Pennsylvania,2013,2426,12773801,"per 100,000 population"
710,Pennsylvania,2014,2732,12787209,"per 100,000 population"
711,Pennsylvania,2015,3264,12802503,"per 100,000 population"
712,Pennsylvania,2016,4627,12784227,"per 100,000 population"
713,Rhode Island,1999,58,1040402,"per 100,000 population"
714,Rhode Island,2000,74,1048319,"per 100,000 population"
715,Rhode Island,2001,110,1057142,"per 100,000 population"
716,Rhode Island,2002,99,1065995,"per 100,000 population"
717,Rhode Island,2003,146,1071342,"per 100,000 population"
718,Rhode Island,2004,106,1074579,"per 100,000 population"
719,Rhode Island,2005,156,1067916,"per 100,000 population"
720,Rhode Island,2006,175,1063096,"per 100,000 population"
721,Rhode Island,2007,135,1057315,"per 100,000 population"
722,Rhode Island,2008,185,1055003,"per 100,000 population"
723,Rhode Island,2009,161,1053646,"per 100,000 population"
724,Rhode Island,2010,167,1052567,"per 100,000 population"
725,Rhode Island,2011,190,1051302,"per 100,000 population"
726,Rhode Island,2012,196,1050292,"per 100,000 population"
727,Rhode Island,2013,241,1051511,"per 100,000 population"
728,Rhode Island,2014,247,1055173,"per 100,000 population"
729,Rhode Island,2015,310,1056298,"per 100,000 population"
730,Rhode Island,2016,326,1056426,"per 100,000 population"
731,South Carolina,1999,147,3974684,"per 100,000 population"
732,South Carolina,2000,258,4012012,"per 100,000 population"
733,South Carolina,2001,242,4064995,"per 100,000 population"
734,South Carolina,2002,217,4107795,"per 100,000 population"
735,South Carolina,2003,287,4150297,"per 100,000 population"
736,South Carolina,2004,356,4210921,"per 100,000 population"
737,South Carolina,2005,427,4270150,"per 100,000 population"
738,South Carolina,2006,554,4357847,"per 100,000 population"
739,South Carolina,2007,545,4444110,"per 100,000 population"
740,South Carolina,2008,565,4528996,"per 100,000 population"
741,South Carolina,2009,615,4589872,"per 100,000 population"
742,South Carolina,2010,678,4625364,"per 100,000 population"
743,South Carolina,2011,618,4679230,"per 100,000 population"
744,South Carolina,2012,587,4723723,"per 100,000 population"
745,South Carolina,2013,620,4774839,"per 100,000 population"
746,South Carolina,2014,701,4832482,"per 100,000 population"
747,South Carolina,2015,761,4896146,"per 100,000 population"
748,South Carolina,2016,879,4961119,"per 100,000 population"
749,South Dakota,1999,17,750417,"per 100,000 population"
750,South Dakota,2000,20,754844,"per 100,000 population"
751,South Dakota,2001,24,757972,"per 100,000 population"
752,South Dakota,2002,22,760020,"per 100,000 population"
753,South Dakota,2003,24,763729,"per 100,000 population"
754,South Dakota,2004,43,770396,"per 100,000 population"
755,South Dakota,2005,40,775493,"per 100,000 population"
756,South Dakota,2006,37,783033,"per 100,000 population"
757,South Dakota,2007,32,791623,"per 100,000 population"
758,South Dakota,2008,54,799124,"per 100,000 population"
759,South Dakota,2009,49,807067,"per 100,000 population"
760,South Dakota,2010,45,814180,"per 100,000 population"
761,South Dakota,2011,57,824082,"per 100,000 population"
763,South Dakota,2012,42,833354,"per 100,000 population"
764,South Dakota,2013,55,844877,"per 100,000 population"
765,South Dakota,2014,63,853175,"per 100,000 population"
766,South Dakota,2015,65,858469,"per 100,000 population"
767,South Dakota,2016,69,865454,"per 100,000 population"
768,Tennessee,1999,344,5638708,"per 100,000 population"
769,Tennessee,2000,397,5689283,"per 100,000 population"
770,Tennessee,2001,424,5750789,"per 100,000 population"
771,Tennessee,2002,491,5795918,"per 100,000 population"
772,Tennessee,2003,662,5847812,"per 100,000 population"
773,Tennessee,2004,763,5910809,"per 100,000 population"
774,Tennessee,2005,872,5991057,"per 100,000 population"
775,Tennessee,2006,975,6088766,"per 100,000 population"
776,Tennessee,2007,985,6175727,"per 100,000 population"
777,Tennessee,2008,938,6247411,"per 100,000 population"
778,Tennessee,2009,962,6306019,"per 100,000 population"
779,Tennessee,2010,1080,6346105,"per 100,000 population"
780,Tennessee,2011,1090,6403353,"per 100,000 population"
781,Tennessee,2012,1131,6456243,"per 100,000 population"
783,Tennessee,2013,1187,6495978,"per 100,000 population"
784,Tennessee,2014,1269,6549352,"per 100,000 population"
785,Tennessee,2015,1457,6600299,"per 100,000 population"
786,Tennessee,2016,1630,6651194,"per 100,000 population"
787,Texas,1999,1087,20558220,"per 100,000 population"
788,Texas,2000,1021,20851820,"per 100,000 population"
789,Texas,2001,1374,21319622,"per 100,000 population"
790,Texas,2002,1598,21690325,"per 100,000 population"
791,Texas,2003,1753,22030931,"per 100,000 population"
792,Texas,2004,1813,22394023,"per 100,000 population"
793,Texas,2005,1910,22778123,"per 100,000 population"
794,Texas,2006,2191,23359580,"per 100,000 population"
795,Texas,2007,2194,23831983,"per 100,000 population"
797,Texas,2008,2053,24309039,"per 100,000 population"
798,Texas,2009,2409,24801761,"per 100,000 population"
799,Texas,2010,2399,25145561,"per 100,000 population"
800,Texas,2011,2589,25674681,"per 100,000 population"
801,Texas,2012,2447,26059203,"per 100,000 population"
802,Texas,2013,2446,26448193,"per 100,000 population"
803,Texas,2014,2601,26956958,"per 100,000 population"
804,Texas,2015,2588,27469114,"per 100,000 population"
805,Texas,2016,2831,27862596,"per 100,000 population"
2736,Utah,1999,205,2203483,"per 100,000 population"
2737,Utah,2000,210,2233169,"per 100,000 population"
2738,Utah,2001,209,2283715,"per 100,000 population"
2739,Utah,2002,288,2324815,"per 100,000 population"
2740,Utah,2003,353,2360137,"per 100,000 population"
2741,Utah,2004,358,2401580,"per 100,000 population"
2742,Utah,2005,438,2457719,"per 100,000 population"
2743,Utah,2006,444,2525507,"per 100,000 population"
2744,Utah,2007,511,2597746,"per 100,000 population"
2745,Utah,2008,468,2663029,"per 100,000 population"
2746,Utah,2009,478,2723421,"per 100,000 population"
2747,Utah,2010,433,2763885,"per 100,000 population"
2748,Utah,2011,504,2817222,"per 100,000 population"
2749,Utah,2012,601,2855287,"per 100,000 population"
2750,Utah,2013,594,2900872,"per 100,000 population"
2751,Utah,2014,603,2942902,"per 100,000 population"
2752,Utah,2015,646,2995919,"per 100,000 population"
2753,Utah,2016,635,3051217,"per 100,000 population"
2754,Vermont,1999,29,604687,"per 100,000 population"
2755,Vermont,2000,36,608827,"per 100,000 population"
2756,Vermont,2001,44,612223,"per 100,000 population"
2757,Vermont,2002,47,615442,"per 100,000 population"
2758,Vermont,2003,65,617858,"per 100,000 population"
2759,Vermont,2004,50,619920,"per 100,000 population"
2760,Vermont,2005,53,621215,"per 100,000 population"
2761,Vermont,2006,75,622892,"per 100,000 population"
2762,Vermont,2007,66,623481,"per 100,000 population"
2763,Vermont,2008,73,624151,"per 100,000 population"
2764,Vermont,2009,55,624817,"per 100,000 population"
2765,Vermont,2010,63,625741,"per 100,000 population"
2766,Vermont,2011,83,626431,"per 100,000 population"
2767,Vermont,2012,70,626011,"per 100,000 population"
2768,Vermont,2013,93,626630,"per 100,000 population"
2769,Vermont,2014,83,626562,"per 100,000 population"
2770,Vermont,2015,99,626042,"per 100,000 population"
2771,Vermont,2016,125,624594,"per 100,000 population"
2772,Virginia,1999,366,7000176,"per 100,000 population"
2773,Virginia,2000,411,7078515,"per 100,000 population"
2774,Virginia,2001,459,7198362,"per 100,000 population"
2775,Virginia,2002,509,7286873,"per 100,000 population"
2776,Virginia,2003,547,7366977,"per 100,000 population"
2777,Virginia,2004,558,7475575,"per 100,000 population"
2778,Virginia,2005,581,7577105,"per 100,000 population"
2779,Virginia,2006,629,7673725,"per 100,000 population"
2780,Virginia,2007,700,7751000,"per 100,000 population"
2781,Virginia,2008,718,7833496,"per 100,000 population"
2782,Virginia,2009,685,7925937,"per 100,000 population"
2783,Virginia,2010,558,8001024,"per 100,000 population"
2784,Virginia,2011,798,8096604,"per 100,000 population"
2785,Virginia,2012,733,8185867,"per 100,000 population"
2786,Virginia,2013,854,8260405,"per 100,000 population"
2787,Virginia,2014,980,8326289,"per 100,000 population"
2788,Virginia,2015,1039,8382993,"per 100,000 population"
2789,Virginia,2016,1405,8411808,"per 100,000 population"
2790,Washington,1999,555,5842565,"per 100,000 population"
2791,Washington,2000,556,5894121,"per 100,000 population"
2792,Washington,2001,499,5985722,"per 100,000 population"
2793,Washington,2002,643,6052349,"per 100,000 population"
2794,Washington,2003,696,6104115,"per 100,000 population"
2795,Washington,2004,811,6178645,"per 100,000 population"
2796,Washington,2005,850,6257305,"per 100,000 population"
2797,Washington,2006,897,6370753,"per 100,000 population"
2798,Washington,2007,962,6461587,"per 100,000 population"
2799,Washington,2008,1011,6562231,"per 100,000 population"
2800,Washington,2009,987,6667426,"per 100,000 population"
2801,Washington,2010,916,6724540,"per 100,000 population"
2802,Washington,2011,997,6830038,"per 100,000 population"
2803,Washington,2012,985,6897012,"per 100,000 population"
2804,Washington,2013,969,6971406,"per 100,000 population"
2805,Washington,2014,979,7061530,"per 100,000 population"
2806,Washington,2015,1094,7170351,"per 100,000 population"
2807,Washington,2016,1102,7288000,"per 100,000 population"
2808,West Virginia,1999,75,1811801,"per 100,000 population"
2809,West Virginia,2000,113,1808344,"per 100,000 population"
2810,West Virginia,2001,206,1801481,"per 100,000 population"
2811,West Virginia,2002,229,1805414,"per 100,000 population"
2812,West Virginia,2003,262,1812295,"per 100,000 population"
2813,West Virginia,2004,333,1816438,"per 100,000 population"
2814,West Virginia,2005,184,1820492,"per 100,000 population"
2815,West Virginia,2006,362,1827912,"per 100,000 population"
2816,West Virginia,2007,397,1834052,"per 100,000 population"
2817,West Virginia,2008,459,1840310,"per 100,000 population"
2818,West Virginia,2009,226,1847775,"per 100,000 population"
2819,West Virginia,2010,512,1852994,"per 100,000 population"
2820,West Virginia,2011,635,1855364,"per 100,000 population"
2821,West Virginia,2012,558,1855413,"per 100,000 population"
2822,West Virginia,2013,570,1854304,"per 100,000 population"
2823,West Virginia,2014,627,1850326,"per 100,000 population"
2824,West Virginia,2015,725,1844128,"per 100,000 population"
2825,West Virginia,2016,884,1831102,"per 100,000 population"
2826,Wisconsin,1999,212,5332666,"per 100,000 population"
2827,Wisconsin,2000,248,5363675,"per 100,000 population"
2828,Wisconsin,2001,269,5406835,"per 100,000 population"
2829,Wisconsin,2002,340,5445162,"per 100,000 population"
2830,Wisconsin,2003,383,5479203,"per 100,000 population"
2831,Wisconsin,2004,437,5514026,"per 100,000 population"
2832,Wisconsin,2005,518,5546166,"per 100,000 population"
2833,Wisconsin,2006,593,5577655,"per 100,000 population"
2834,Wisconsin,2007,622,5610775,"per 100,000 population"
2835,Wisconsin,2008,606,5640996,"per 100,000 population"
2836,Wisconsin,2009,631,5669264,"per 100,000 population"
2837,Wisconsin,2010,630,5686986,"per 100,000 population"
2838,Wisconsin,2011,698,5711767,"per 100,000 population"
2839,Wisconsin,2012,692,5726398,"per 100,000 population"
2840,Wisconsin,2013,856,5742713,"per 100,000 population"
2841,Wisconsin,2014,853,5757564,"per 100,000 population"
2842,Wisconsin,2015,878,5771337,"per 100,000 population"
2843,Wisconsin,2016,1074,5778708,"per 100,000 population"
2844,Wyoming,1999,20,491780,"per 100,000 population"
2845,Wyoming,2000,22,493782,"per 100,000 population"
2846,Wyoming,2001,22,494657,"per 100,000 population"
2847,Wyoming,2002,34,500017,"per 100,000 population"
2848,Wyoming,2003,30,503453,"per 100,000 population"
2849,Wyoming,2004,46,509106,"per 100,000 population"
2850,Wyoming,2005,26,514157,"per 100,000 population"
2851,Wyoming,2006,55,522667,"per 100,000 population"
2852,Wyoming,2007,63,534876,"per 100,000 population"
2853,Wyoming,2008,74,546043,"per 100,000 population"
2854,Wyoming,2009,60,559851,"per 100,000 population"
2855,Wyoming,2010,85,563626,"per 100,000 population"
2856,Wyoming,2011,85,568158,"per 100,000 population"
2857,Wyoming,2012,98,576412,"per 100,000 population"
2858,Wyoming,2013,98,582658,"per 100,000 population"
2859,Wyoming,2014,109,584153,"per 100,000 population"
2860,Wyoming,2015,96,586107,"per 100,000 population"
2861,Wyoming,2016,99,585501,"per 100,000 population"
